{"vars":{"eventValue":"0","documentLocation":"SOURCE_URL","clientId":"CLIENT_ID(AMP_ECID_GOOGLE,,_ga,true)","dataSource":"AMP","anonymizeIP":"aip","errorParam":"${errorName}-${errorMessage}"},"requests":{"host":"https://www.google-analytics.com","basePrefix":"v=1&_v=a1&ds=${dataSource}&${anonymizeIP}&_s=${requestCount}&dt=${title}&sr=${screenWidth}x${screenHeight}&_utmht=${timestamp}&cid=${clientId}&tid=${account}&dl=${documentLocation}&dr=${externalReferrer}&sd=${screenColorDepth}&ul=${browserLanguage}&de=${documentCharset}","baseSuffix":"&a=${pageViewId}&z=${random}","pageview":"${host}/r/collect?${basePrefix}&t=pageview&jid=${random}&_r=1${baseSuffix}","event":"${host}/collect?${basePrefix}&t=event&jid=&ec=${eventCategory}&ea=${eventAction}&el=${eventLabel}&ev=${eventValue}${baseSuffix}","social":"${host}/collect?${basePrefix}&t=social&jid=&sa=${socialAction}&sn=${socialNetwork}&st=${socialTarget}${baseSuffix}","timing":"${host}/collect?${basePrefix}&t=${timingRequestType}&jid=&plt=${pageLoadTime}&dns=${domainLookupTime}&tcp=${tcpConnectTime}&rrt=${redirectTime}&srt=${serverResponseTime}&pdt=${pageDownloadTime}&clt=${contentLoadTime}&dit=${domInteractiveTime}${baseSuffix}","error":"${host}/collect?${basePrefix}&t=exception&exd=${errorParam}${baseSuffix}"},"triggers":{"performanceTiming":{"on":"visible","request":"timing","sampleSpec":{"sampleOn":"${clientId}","threshold":1},"vars":{"timingRequestType":"timing"}},"adwordsTiming":{"on":"visible","request":"timing","enabled":"${queryParam(gclid)}","vars":{"timingRequestType":"adtiming"}},"storyProgress":{"on":"story-page-visible","enabled":false,"request":"event","vars":{"eventAction":"story_progress","eventCategory":"${title}","eventLabel":"${storyPageId}"}},"storyEnd":{"on":"story-last-page-visible","enabled":false,"request":"event","vars":{"eventAction":"story_complete","eventCategory":"${title}"}}},"extraUrlParamsReplaceMap":{"dimension":"cd","metric":"cm"},"optout":"_gaUserPrefs.ioo","optoutElementId":"__gaOptOutExtension","linkers":{"_gl":{"ids":{"_ga":"${clientId}"}}},"cookies":{"_ga":{"value":"LINKER_PARAM(_gl, _ga)"}}}